WaveletVariance,WaveletSkew,WaveletCurtosis,ImageEntropy,MODEL_BIAS,TrainingError,TestError,C
-1.480729398310613,-0.8737017216073975,-1.092581803267296,0.08725776795149685,0.0,0.37385321100917435,0.37,0.1145475372279496
-6.517067639847206,-3.926344377467788,-4.921883725909712,1.618526668009408,0.0,0.4231651376146789,0.41400000000000003,0.572737686139748
-9.035274749870352,-5.3507542738778575,-6.7507046354378515,2.4360864607085837,0.0,0.4231651376146789,0.41800000000000004,0.8018327605956472
