WaveletVariance,WaveletSkew,WaveletCurtosis,ImageEntropy,MODEL_BIAS,TrainingError,TestError,C
-0.6356500630052966,-0.289507889486457,-0.310936274365312,-0.10021525397319128,0.1680979691288354,0.029816513761467878,0.03400000000000003,0.1145475372279496
-2.5356109293556726,-1.1667217226557975,-1.4354408972280215,-0.30309927504330364,0.45623083993457675,0.02752293577981646,0.038000000000000034,0.572737686139748
-3.5379880324006723,-1.6205744676295368,-2.0162406111119164,-0.41041952100486895,0.601858904767812,0.02752293577981646,0.040000000000000036,0.8018327605956472
